{"pnBdyZyXICNIHZHIliooKg==":"logo-122x122.jpg","Oe/jE03lydIK1XtmNMlACA==":"logo-192x192.jpg","G4E6urW2HuTW/renA/B3VQ==":"background4.jpeg","SrZOQ7W2/M0VdMK/aO+a/A==":"airplane-wallpaper-33-610x381.jpg","xe7rszsRmQddF8wbB68pbg==":"plane-landing-at-night-735x430.jpg","0nKIHeK8z/aIoOiTzQ1KHw==":"drone1200-800-1014x676.jpg","Bs4Umsexkqmy6JyK47OiXw==":"drone1200-800-1200x800.jpg","qmRseextUwtvzljr70lF9A==":"image2-1772x745.png","nE7fiVAT9coCDctJ2rOuEA==":"image2-1014x426.png","uunD6Mrew9O9WAEfNoLSLQ==":"image1-245x206.jpg","Vz5c56h8hfkm5i1DixDY5A==":"image1-1-245x206.jpg","IgoqxQT1PlPJ8SvtAMYLqw==":"image11-971x978.jpg","ivcA3TMeYpi+6LSjZk0n2A==":"airplane-wallpaper-34-610x381.jpg","QonZD7Wl8CB0FpHC2EyayQ==":"background6-1014x676.jpg"}